{"cameraMode":{"drawMode":0,"name":"Shaded","section":"Shading Mode"},"sceneLighting":false,"audioPlay":false,"sceneViewState":{"showFog":true,"showMaterialUpdate":false,"showSkybox":true,"showFlares":true,"showImageEffects":true,"showParticleSystems":true},"in2DMode":false,"pivot":{"x":-0.1509006917476654,"y":-0.14619244635105134,"z":1.176387071609497},"rotation":{"x":0.09059736877679825,"y":-0.15410137176513673,"z":0.014191227033734322,"w":0.983790397644043},"size":0.00005716085433959961,"orthographic":false}