{"cameraMode":{"drawMode":0,"name":"Shaded","section":"Shading Mode"},"sceneLighting":false,"audioPlay":false,"sceneViewState":{"showFog":true,"showMaterialUpdate":false,"showSkybox":true,"showFlares":true,"showImageEffects":true,"showParticleSystems":true},"in2DMode":false,"pivot":{"x":-1.125287413597107,"y":-0.4889049530029297,"z":2.566375970840454},"rotation":{"x":0.11059579253196717,"y":-0.35756200551986697,"z":0.04268958792090416,"w":0.9263345003128052},"size":1.4999427795410157,"orthographic":false}