{"cameraMode":{"drawMode":0,"name":"Shaded","section":"Shading Mode"},"sceneLighting":true,"audioPlay":false,"sceneViewState":{"showFog":false,"showMaterialUpdate":false,"showSkybox":false,"showFlares":false,"showImageEffects":false,"showParticleSystems":false},"in2DMode":false,"pivot":{"x":-0.08343198895454407,"y":-0.37466248869895937,"z":1.7524060010910035},"rotation":{"x":0.45487451553344729,"y":0.04327022284269333,"z":-0.02213454060256481,"w":0.8892282843589783},"size":0.8570916056632996,"orthographic":false}